timestamp,ecg_measurement
6034140,0.275
6038012,0.275
6041904,0.275
6045784,0.28
6049652,0.285
6053532,0.305
6057412,0.325
6061296,0.335
6065180,0.345
6069064,0.36
6072948,0.375
6076836,0.39
6080708,0.41
6084572,0.43
6088452,0.455
6092320,0.485
6096192,0.51
6100064,0.525
6103940,0.55
6107816,0.585
6111688,0.615
6115568,0.65
6119444,0.675
6123312,0.695
6127200,0.72
6131088,0.75
6134964,0.78
6138820,0.805
6142692,0.825
6146548,0.84
6150412,0.855
6154280,0.87
6158148,0.86
6162020,0.845
6165892,0.825
6169772,0.805
6173636,0.775
6177516,0.745
6181396,0.7
6185276,0.655
6189156,0.6
6193036,0.545
6196924,0.495
6200804,0.45
6204692,0.425
6208572,0.4
6212452,0.37
6216324,0.34
6220196,0.335
6224076,0.33
6227948,0.31
6231828,0.29
6235700,0.285
6239580,0.28
6243460,0.275
6247324,0.275
6251196,0.275
6255084,0.27
6258964,0.265
6262832,0.265
6266700,0.27
6270580,0.27
6274456,0.265
6278328,0.265
6282196,0.265
6286084,0.265
6289972,0.265
6293856,0.265
6297740,0.27
6301620,0.275
6305504,0.275
6309364,0.28
6313248,0.29
6317116,0.29
6320996,0.285
6324888,0.285
6328772,0.285
6332652,0.295
6336532,0.31
6340404,0.305
6344292,0.295
6348184,0.3
6352068,0.31
6355948,0.315
6359832,0.315
6363720,0.315
6367608,0.31
6371492,0.305
6375364,0.305
6379248,0.305
6383128,0.305
6387008,0.31
6390876,0.31
6394748,0.305
6398640,0.305
6402504,0.305
6406364,0.3
6410252,0.295
6414116,0.295
6417992,0.295
6421864,0.295
6425744,0.305
6429616,0.305
6433480,0.29
6437344,0.285
6441212,0.29
6445092,0.29
6448956,0.285
6452836,0.285
6456716,0.29
6460600,0.295
6464472,0.295
6468332,0.29
6472224,0.285
6476112,0.285
6479984,0.29
6483864,0.29
6487748,0.285
6491640,0.285
6495512,0.285
6499380,0.285
6503244,0.29
6507136,0.295
6511008,0.295
6514872,0.295
6518740,0.295
6522620,0.285
6526500,0.285
6530384,0.29
6534248,0.295
6538108,0.295
6542000,0.29
6545876,0.285
6549756,0.285
6553636,0.285
6557504,0.285
6561384,0.285
6565260,0.285
6569140,0.29
6573016,0.29
6576884,0.28
6580768,0.275
6584656,0.28
6588524,0.285
6592400,0.29
6596280,0.29
6600148,0.285
6604040,0.285
6607916,0.285
6611780,0.285
6615664,0.29
6619544,0.29
6623416,0.285
6627288,0.29
6631168,0.3
6635056,0.305
6638944,0.305
6642824,0.295
6646688,0.285
6650560,0.29
6654428,0.3
6658312,0.305
6662188,0.31
6666056,0.34
6669940,0.37
6673824,0.39
6677696,0.41
6681568,0.405
6685444,0.405
6689312,0.41
6693196,0.415
6697084,0.46
6700964,0.505
6704844,0.52
6708732,0.525
6712608,0.495
6716476,0.465
6720348,0.435
6724240,0.41
6728112,0.395
6731984,0.38
6735860,0.375
6739732,0.365
6743612,0.345
6747484,0.32
6751340,0.29
6755220,0.265
6759100,0.25
6762980,0.245
6766860,0.245
6770736,0.245
6774604,0.245
6778480,0.25
6782356,0.265
6786220,0.275
6790080,0.275
6793964,0.275
6797844,0.275
6801728,0.275
6805596,0.275
6809468,0.305
6813340,0.345
6817228,0.585
6821108,0.865
6824996,1.34
6828868,1.845
6832740,2.2
6836624,2.54
6840484,2.515
6844348,2.465
6848236,2.135
6852108,1.79
6855980,1.295
6859856,0.82
6863728,0.515
6867608,0.255
6871480,0.205
6875352,0.175
6879212,0.245
6883092,0.285
6886976,0.255
6890860,0.225
6894736,0.205
6898616,0.19
6902488,0.185
6906360,0.185
6910240,0.19
6914112,0.19
6917988,0.185
6921860,0.185
6925732,0.185
6929612,0.19
6933476,0.2
6937348,0.205
6941228,0.205
6945108,0.205
6948996,0.21
6952868,0.215
6956740,0.215
6960620,0.22
6964500,0.23
6968368,0.235
6972236,0.235
6976116,0.255
6979996,0.28
6983868,0.285
6987740,0.29
6991620,0.31
6995484,0.33
6999348,0.35
7003228,0.375
7007100,0.4
7010980,0.425
7014868,0.435
7018740,0.445
7022616,0.48
7026480,0.515
7030352,0.535
7034228,0.56
7038116,0.59
7041996,0.62
7045876,0.65
7049740,0.68
7053612,0.705
7057476,0.73
7061340,0.745
7065220,0.76
7069100,0.775
7072964,0.775
7076828,0.76
7080708,0.74
7084588,0.715
7088476,0.685
7092348,0.65
7096228,0.6
7100108,0.545
7103992,0.49
7107876,0.44
7111748,0.4
7115620,0.365
7119500,0.325
7123380,0.285
7127264,0.26
7131148,0.245
7135024,0.23
7138912,0.215
7142792,0.19
7146680,0.165
7150552,0.165
7154416,0.165
7158296,0.16
7162168,0.155
7166040,0.155
7169912,0.15
7173796,0.145
7177676,0.145
7181556,0.145
7185444,0.14
7189316,0.135
7193196,0.135
7197076,0.14
7200956,0.145
7204836,0.16
7208724,0.17
7212608,0.155
7216480,0.145
7220356,0.155
7224224,0.16
7228100,0.15
7231988,0.145
7235876,0.155
7239740,0.165
7243620,0.165
7247492,0.17
7251356,0.18
7255232,0.185
7259108,0.185
7263000,0.18
7266860,0.175
7270748,0.175
7274628,0.175
7278496,0.175
7282364,0.18
7286252,0.185
7290140,0.185
7294012,0.185
7297896,0.19
7301764,0.195
7305656,0.195
7309508,0.195
7313380,0.195
7317264,0.185
7321144,0.175
7325024,0.175
7328912,0.18
7332784,0.175
7336664,0.175
7340540,0.175
7344412,0.175
7348284,0.175
7352156,0.17
7356040,0.165
7359920,0.165
7363800,0.17
7366660,0.175
7371560,0.175
7375444,0.17
7379328,0.16
7383208,0.155
7387080,0.16
7390968,0.165
7394848,0.17
7398728,0.17
7402600,0.165
7406468,0.16
7410348,0.155
7414232,0.155
7418112,0.16
7421996,0.165
7425876,0.165
7429764,0.165
7433644,0.165
7437508,0.165
7441380,0.165
7445260,0.16
7449140,0.155
7453028,0.16
7456908,0.17
7460792,0.175
7464652,0.175
7468524,0.17
7472392,0.165
7476268,0.165
7480132,0.17
7484020,0.165
7487908,0.155
7491800,0.16
7495676,0.165
7499560,0.17
7503428,0.175
7507292,0.18
7511172,0.18
7515052,0.17
7518932,0.165
7522824,0.17
7526708,0.17
7530576,0.165
7534436,0.165
7538316,0.17
7542196,0.175
7546084,0.18
7549972,0.185
7553848,0.185
7557724,0.185
7561604,0.185
7565484,0.185
7569360,0.185
7573236,0.185
7577116,0.185
7580996,0.185
7584876,0.185
7588756,0.19
7592636,0.2
7596520,0.225
7600384,0.26
7604260,0.285
7608132,0.3
7612004,0.3
7615896,0.295
7619776,0.295
7623652,0.295
7627528,0.34
7631400,0.395
7635284,0.41
7639168,0.42
7643036,0.395
7646920,0.365
7650796,0.33
7654672,0.3
7658548,0.29
7662416,0.28
7666296,0.255
7670176,0.235
7674056,0.235
7677932,0.225
7681796,0.19
7685668,0.16
7689532,0.145
7693396,0.135
7697268,0.135
7701148,0.135
7705028,0.135
7708916,0.135
7712792,0.135
7716668,0.135
7720540,0.145
7724420,0.155
7728292,0.155
7732156,0.155
7736028,0.16
7739908,0.19
7743780,0.24
7747652,0.46
7751516,0.795
7755396,1.22
7759276,1.7
7763148,2.07
7767020,2.39
7770900,2.38
7774780,2.26
7778664,1.895
7782536,1.455
7786408,1.02
7790292,0.58
7794184,0.335
7798064,0.12
7801940,0.105
7805820,0.11
7809700,0.13
7813576,0.15
7817452,0.13
7821324,0.11
7825200,0.09
7829080,0.075
7832960,0.075
7836844,0.075
7840724,0.075
7844588,0.075
7848468,0.075
7852332,0.07
7856212,0.065
7860092,0.065
7863964,0.065
7867856,0.07
7871736,0.09
7875620,0.1
7879492,0.095
7883364,0.095
7887244,0.1
7891116,0.105
7894988,0.12
7898868,0.135
7902748,0.16
7906628,0.18
7910500,0.19
7914364,0.195
7918244,0.2
7922124,0.22
7926012,0.245
7929892,0.265
7933764,0.28
7937636,0.305
7941508,0.335
7945384,0.36
7949256,0.38
7953144,0.4
7957032,0.42
7960912,0.46
7964800,0.5
7968668,0.525
7972544,0.555
7976412,0.585
7980292,0.615
7984172,0.63
7988048,0.645
7991936,0.655
7995816,0.665
7999684,0.665
8003552,0.66
8007432,0.64
8011304,0.61
8015180,0.565
8019064,0.52
8022936,0.485
8026824,0.445
8030696,0.395
8034552,0.345
8038412,0.305
8042288,0.265
8046156,0.225
8050044,0.19
8053924,0.165
8057804,0.145
8061696,0.135
8065548,0.125
8069420,0.11
8073292,0.095
8077176,0.08
8081044,0.07
8084932,0.065
8088812,0.065
8092700,0.07
8096552,0.065
8100432,0.055
8104304,0.05
8108176,0.045
8112048,0.05
8115920,0.06
8119788,0.06
8123672,0.055
8127532,0.055
8131400,0.055
8135272,0.065
8139152,0.07
8143032,0.065
8146896,0.065
8150772,0.065
8154648,0.065
8158524,0.07
8162404,0.075
8166276,0.075
8170168,0.075
8174040,0.08
8177928,0.085
8181796,0.09
8185676,0.095
8189552,0.095
8193412,0.09
8197292,0.085
8201164,0.08
8205040,0.075
8208916,0.075
8212788,0.085
8216668,0.095
8220540,0.095
8224416,0.095
8228284,0.095
8232160,0.095
8236028,0.095
8239916,0.095
8243804,0.095
8247688,0.095
8251556,0.095
8255420,0.085
8259284,0.075
8263140,0.075
8267024,0.08
8270896,0.085
8274772,0.09
8278660,0.085
8282528,0.075
8286392,0.075
8290268,0.075
8294140,0.07
8298024,0.065
8301900,0.07
8305764,0.07
8309644,0.06
8313520,0.055
8317396,0.07
8321284,0.085
8325168,0.085
8329044,0.08
8332924,0.075
8336804,0.07
8340688,0.06
8344560,0.055
8348436,0.06
8352324,0.065
8356196,0.07
8360080,0.075
8363944,0.075
8367832,0.07
8371720,0.065
8375596,0.065
8379468,0.07
8383340,0.065
8387220,0.055
8391104,0.06
8394972,0.075
8398860,0.08
8402728,0.075
8406592,0.07
8410452,0.065
8414320,0.07
8418188,0.08
8422072,0.075
8425948,0.065
8429824,0.07
8433708,0.08
8437576,0.075
8441448,0.065
8445328,0.065
8449208,0.07
8453076,0.075
8456940,0.085
8460812,0.075
8464684,0.075
8468540,0.08
8472396,0.085
8476268,0.085
8480156,0.085
8484044,0.085
8487916,0.085
8491788,0.115
8495668,0.14
8499532,0.165
8503396,0.185
8507256,0.19
8511132,0.19
8515008,0.18
8518888,0.185
8522756,0.22
8526628,0.26
8530516,0.3
8534388,0.325
8538256,0.325
8542124,0.3
8546004,0.255
8549888,0.22
8553772,0.2
8557652,0.185
8561528,0.175
8565396,0.165
8569276,0.155
8573156,0.13
8577036,0.1
8580908,0.075
8584788,0.05
8588676,0.035
8592556,0.025
8596432,0.025
8600320,0.03
8604212,0.045
8608092,0.06
8611976,0.06
8615844,0.055
8619724,0.06
8623604,0.06
8627492,0.055
8631356,0.055
8635240,0.095
8639112,0.155
8642992,0.34
8646860,0.575
8650744,1.04
8654612,1.495
8658476,1.925
8662332,2.25
8666196,2.29
8670068,2.24
8673948,2.015
8677812,1.7
8681692,1.22
8685564,0.755
8689436,0.315
8693316,0.045
8697196,-0.01
8701084,-0.02
8704948,0.02
8708816,0.035
8712696,0.025
8716564,0.015
8720432,0
8724300,-0.01
8728184,-0.03
8732064,-0.035
8735940,-0.035
8739812,-0.035
8743692,-0.035
8747552,-0.035
8751424,-0.035
8755304,-0.03
8759180,-0.025
8763048,-0.025
8766928,-0.03
8770808,-0.035
8774684,-0.035
8778552,-0.01
8782432,0.015
8786312,0.015
8790200,0.015
8794060,0.02
8797956,0.025
8801848,0.035
8805728,0.045
8809584,0.055
8813452,0.065
8817344,0.08
8821232,0.095
8825112,0.105
8828984,0.125
8832856,0.16
8836736,0.195
8840604,0.225
8844484,0.245
8848360,0.25
8852236,0.265
8856100,0.29
8859964,0.32
8863828,0.355
8867704,0.38
8871584,0.395
8875460,0.42
8879332,0.45
8883212,0.48
8887084,0.505
8890964,0.52
8894852,0.53
8898732,0.54
8902604,0.55
8906484,0.53
8910348,0.5
8914228,0.475
8918100,0.455
8921972,0.41
8925860,0.355
8929748,0.305
8933620,0.255
8937500,0.21
8941376,0.165
8945260,0.125
8949152,0.09
8953036,0.055
8956916,0.02
8960792,0.015
8964672,0.01
8968540,-0.005
8972420,-0.025
8976292,-0.03
8980156,-0.035
8984028,-0.05
8987904,-0.06
8991788,-0.055
8995664,-0.055
8999532,-0.06
9003384,-0.065
9007268,-0.065
9011140,-0.065
9015016,-0.07
9018888,-0.07
9022772,-0.065
9026648,-0.06
9030524,-0.055
9034396,-0.05
9038284,-0.045
9042164,-0.045
9046052,-0.05
9049916,-0.055
9053796,-0.055
9057668,-0.05
9061540,-0.045
9065400,-0.035
9069280,-0.025
9073164,-0.025
9077052,-0.03
9080936,-0.03
9084816,-0.025
9088700,-0.025
9092584,-0.025
9096464,-0.025
9100336,-0.03
9104208,-0.025
9108084,-0.02
9111964,-0.015
9115844,-0.015
9119724,-0.015
9123596,-0.015
9127476,-0.02
9131356,-0.025
9135244,-0.03
9139128,-0.03
9143000,-0.025
9146888,-0.025
9150768,-0.035
9154648,-0.035
9158516,-0.015
9162400,-0.01
9166288,-0.03
9170168,-0.04
9174044,-0.035
9177916,-0.035
9181796,-0.04
9185676,-0.045
9189548,-0.045
9193412,-0.045
9197292,-0.045
9201172,-0.045
9205044,-0.045
9208908,-0.045
9212780,-0.05
9216660,-0.045
9220532,-0.035
9224396,-0.035
9228268,-0.04
9232140,-0.045
9236016,-0.05
9239896,-0.05
9243784,-0.045
9247652,-0.045
9251536,-0.045
9255412,-0.045
9259292,-0.045
9263164,-0.045
9267044,-0.045
9270924,-0.045
9274820,-0.045
9278700,-0.055
9282580,-0.06
9286444,-0.045
9290332,-0.035
9294196,-0.045
9298060,-0.05
9301940,-0.045
9305828,-0.04
9309720,-0.035
9313596,-0.035
9317460,-0.035
9321332,-0.035
9325212,-0.035
9329100,-0.035
9332980,-0.04
9336860,-0.04
9340728,-0.035
9344600,-0.035
9348472,-0.035
9352356,-0.03
9356212,-0.025
9360092,-0.025
9363972,-0.025
9367860,-0.025
9371732,-0.03
9375596,-0.03
9379476,-0.025
9383364,-0.025
9387244,-0.03
9391132,-0.02
9395012,-0.005
9398900,0.02
9402780,0.055
9406660,0.065
9410532,0.07
9414412,0.08
9418296,0.09
9422164,0.09
9426044,0.085
9429916,0.13
9433800,0.175
9437688,0.185
9441564,0.19
9445432,0.17
9449312,0.145
9453192,0.11
9457068,0.08
9460960,0.075
9464844,0.07
9468724,0.055
9472596,0.035
9476468,0.015
9480356,-0.005
9484236,-0.04
9488124,-0.065
9492012,-0.07
9495900,-0.065
9499788,-0.045
9503668,-0.105
9507540,-0.265
9511420,0.2
9515308,1.26
9519176,1.215
9523052,0.315
9526928,-0.455
9530812,-1.145
9534700,-1.37
9538572,-1.35
9542444,-0.395
9546328,0.945
9550200,0.925
9554080,0.45
9557948,0.695
9561828,1.125
9565712,1.625
9569580,2.135
9573444,2
9577324,1.785
9581212,1.3
9585092,0.8
9588964,0.48
9592860,0.165
9596724,0.005
9600604,-0.125
9604488,0.125
9608368,0.29
9612244,-0.125
9616132,-0.48
9620016,-0.535
9623900,-0.525
9627788,-0.3
9631676,-0.135
9635556,-0.14
9639420,-0.145
9643308,-0.165
9647184,-0.165
9651044,-0.15
9654932,-0.14
9658820,-0.135
9662708,-0.135
9666588,-0.14
9670444,-0.135
9674308,-0.125
9678200,-0.115
9682084,-0.105
9685968,-0.105
9689844,-0.11
9693716,-0.105
9697580,-0.095
9701444,-0.08
9705324,-0.06
9709204,-0.055
9713096,-0.055
9716964,-0.035
9720852,-0.015
9724728,-0.005
9728596,0
9732464,0.035
9736348,0.07
9740228,0.085
9744108,0.1
9747972,0.12
9751864,0.145
9755732,0.175
9759604,0.205
9763468,0.235
9767356,0.265
9771244,0.29
9775116,0.315
9778980,0.35
9782864,0.38
9786736,0.405
9790620,0.425
9794496,0.43
9798372,0.435
9802260,0.445
9806140,0.45
9810012,0.44
9813896,0.42
9817768,0.385
9821632,0.345
9825496,0.305
9829372,0.26
9833264,0.205
9837152,0.16
9841020,0.12
9844904,0.075
9848764,0.03
9852636,0
9856516,-0.025
9860392,-0.05
9864264,-0.075
9868136,-0.1
9872024,-0.125
9875904,-0.135
9879780,-0.14
9883644,-0.145
9887516,-0.145
9891388,-0.15
9895268,-0.16
9899140,-0.165
9903020,-0.17
9906900,-0.175
9910788,-0.175
9914668,-0.175
9918540,-0.175
9922412,-0.175
9926292,-0.175
9930180,-0.18
9934068,-0.185
9937956,-0.185
9941836,-0.185
9945716,-0.185
9949580,-0.18
9953452,-0.17
9957324,-0.165
9961212,-0.165
9965084,-0.165
9968968,-0.165
9972836,-0.165
9976708,-0.165
9980580,-0.16
9984452,-0.155
9988332,-0.15
9992204,-0.145
9996076,-0.14
9999956,-0.135
10003828,-0.135
10007752,-0.14
10011676,-0.145
10015584,-0.145
10019496,-0.135
10023416,-0.125
10027336,-0.125
10031264,-0.13
10035168,-0.135
10039084,-0.135
10042996,-0.135
10046924,-0.135
10050844,-0.135
10054756,-0.14
10058676,-0.145
10062588,-0.145
10066500,-0.145
10070424,-0.145
10074332,-0.15
10078252,-0.15
10082172,-0.145
10086100,-0.145
10090020,-0.155
10093924,-0.16
10097852,-0.155
10101780,-0.155
10105688,-0.16
10109604,-0.165
10113524,-0.165
10117448,-0.165
10121376,-0.165
10125276,-0.16
10129200,-0.155
10133112,-0.155
10137036,-0.16
10140968,-0.165
10144880,-0.165
10148788,-0.16
10152720,-0.15
10156632,-0.145
10160556,-0.15
10164468,-0.155
10168384,-0.16
10172304,-0.16
10176224,-0.155
10180140,-0.155
10184060,-0.155
10187972,-0.155
10191892,-0.155
10195808,-0.15
10199720,-0.145
10203632,-0.145
10207532,-0.15
10211436,-0.155
10215348,-0.155
10219272,-0.15
10223192,-0.145
10227096,-0.145
10231012,-0.15
10234932,-0.15
10238844,-0.14
10242764,-0.135
10246684,-0.135
10250588,-0.135
10254500,-0.135
10258416,-0.135
10262320,-0.135
10266236,-0.135
10270156,-0.135
10274068,-0.135
10277984,-0.13
10281892,-0.12
10285824,-0.115
10289744,-0.12
10293652,-0.115
10297564,-0.1
10301476,-0.08
10305388,-0.05
10309320,-0.03
10313232,-0.025
10317152,-0.025
10321072,-0.03
10324972,-0.015
10328892,0.01
10332808,0.055
10336720,0.11
10340636,0.125
10344556,0.115
10348460,0.08
10352380,0.025
10356300,0
10360220,-0.01
10364132,-0.03
10368048,-0.05
10371964,-0.05
10375884,-0.045
10379796,-0.08
10383708,-0.12
10387620,-0.135
10391540,-0.15
10395452,-0.155
10399372,-0.165
10403284,-0.165
10407208,-0.16
10411120,-0.155
10415028,-0.15
10418956,-0.14
10422884,-0.13
10426804,-0.125
10430732,-0.125
10434636,-0.125
10438556,-0.115
10442460,-0.09
10446380,-0.035
10450296,0.1
10454212,0.335
10458128,0.765
10462032,1.195
10465940,1.63
10469868,1.93
10473788,2.035
10477716,2
10481628,1.805
10485548,1.455
10489472,0.96
10493384,0.51
10497292,0.095
10501204,-0.11
10505108,-0.185
10509028,-0.18
10512948,-0.135
10516876,-0.135
10520808,-0.15
10524716,-0.17
10528620,-0.19
10532532,-0.2
10536440,-0.21
10540352,-0.215
10544264,-0.215
10548168,-0.215
10552080,-0.215
10555992,-0.215
10559900,-0.215
10563824,-0.225
10567728,-0.23
10571640,-0.21
10575564,-0.195
10579472,-0.2
10583392,-0.2
10587320,-0.18
10591236,-0.165
10595148,-0.175
10599044,-0.18
10602948,-0.16
10606860,-0.14
10610772,-0.135
10614676,-0.13
10618580,-0.11
10622500,-0.1
10626420,-0.095
10630340,-0.08
10634252,-0.055
10638156,-0.035
10642084,-0.015
10645996,0.005
10649924,0.025
10653844,0.05
10657764,0.08
10661684,0.11
10665604,0.135
10669516,0.17
10673436,0.21
10677356,0.24
10681268,0.265
10685188,0.29
10689100,0.31
10693028,0.33
10696944,0.35
10700856,0.365
10704764,0.38
10708684,0.38
10712604,0.375
10716532,0.36
10720448,0.345
10724372,0.31
10728292,0.27
10732220,0.23
10736132,0.19
10740060,0.14
10743988,0.085
10747916,0.04
10751820,0
10755732,-0.035
10759652,-0.065
10763572,-0.085
10767484,-0.11
10771396,-0.13
10775316,-0.15
10779232,-0.17
10783156,-0.185
10787076,-0.185
10790988,-0.185
10794900,-0.19
10798808,-0.195
10802736,-0.2
10806652,-0.205
10810572,-0.205
10814492,-0.205
10818408,-0.21
10822332,-0.21
10826256,-0.205
10830168,-0.205
10834088,-0.205
10837996,-0.2
10841920,-0.195
10845824,-0.195
10849728,-0.2
10853640,-0.195
10857540,-0.185
10861444,-0.18
10865356,-0.175
10869268,-0.175
10873180,-0.18
10877100,-0.185
10881012,-0.185
10884940,-0.18
10888868,-0.175
10892788,-0.175
10896708,-0.175
10900628,-0.175
10904540,-0.17
10908444,-0.165
10912356,-0.165
10916276,-0.165
10920188,-0.16
10924100,-0.155
10928012,-0.155
10931940,-0.165
10935860,-0.17
10939780,-0.16
10943708,-0.15
10947628,-0.145
10951540,-0.145
10955464,-0.155
10959372,-0.165
10963300,-0.165
10967232,-0.165
10971148,-0.18
10975056,-0.175
10978968,-0.165
10982880,-0.17
10986796,-0.18
10990720,-0.185
10994632,-0.185
10998540,-0.185
11002460,-0.185
11006380,-0.175
11010304,-0.165
11014204,-0.165
11018112,-0.17
11022032,-0.18
11025948,-0.19
11029872,-0.19
11033792,-0.185
11037708,-0.18
11041616,-0.175
11045528,-0.175
11049448,-0.18
11053368,-0.185
11057280,-0.18
11061200,-0.175
11065108,-0.175
11069032,-0.18
11072956,-0.18
11076872,-0.175
11080764,-0.175
11084676,-0.175
11088592,-0.175
11092492,-0.18
11096420,-0.18
11100340,-0.17
11104252,-0.165
11108164,-0.165
11112076,-0.165
11115996,-0.175
11119916,-0.18
11123828,-0.175
11127732,-0.175
11131636,-0.18
11135564,-0.18
11139476,-0.175
11143396,-0.175
11147308,-0.175
11151220,-0.165
11155140,-0.155
11159060,-0.155
11162972,-0.16
11166904,-0.165
11170812,-0.165
11174728,-0.16
11178636,-0.155
11182548,-0.14
11186456,-0.125
11190372,-0.1
11194288,-0.075
11198212,-0.055
11202136,-0.035
11206056,-0.035
11209964,-0.04
11213876,-0.025
11217784,0
11221704,0.04
11225612,0.08
11229524,0.07
11233452,0.06
11237368,0.03
11241280,0
11245192,-0.02
11249116,-0.045
11253048,-0.055
11256960,-0.065
11260868,-0.07
11264792,-0.08
11268700,-0.11
11272608,-0.14
11276516,-0.165
11280440,-0.185
11284360,-0.185
11288280,-0.185
11292200,-0.19
11296120,-0.19
11300040,-0.185
11303952,-0.19
11307856,-0.2
11311776,-0.19
11315684,-0.16
11319596,-0.16
11323500,-0.17
11327412,-0.155
11331324,-0.13
11335236,-0.03
11339148,0.095
11343076,0.45
11346996,0.875
11350908,1.325
11354828,1.79
11358748,1.965
11362652,2.1
11366580,1.925
11370476,1.72
11374396,1.22
11378316,0.705
11382236,0.34
11386156,-0.01
11390076,-0.14
11393988,-0.255
11397908,-0.175
11401828,-0.11
11405748,-0.145
11409660,-0.175
11413572,-0.195
11417484,-0.215
11421396,-0.225
11425316,-0.23
11429236,-0.22
11433152,-0.22
11437068,-0.235
11440984,-0.24
11444896,-0.235
11448808,-0.235
11452712,-0.235
11456612,-0.23
11460508,-0.215
11464436,-0.21
11468348,-0.205
11472268,-0.205
11476188,-0.205
11480108,-0.195
11484012,-0.18
11487940,-0.165
11491868,-0.155
11495788,-0.145
11499708,-0.135
11503612,-0.13
11507516,-0.125
11511432,-0.11
11515340,-0.095
11519268,-0.08
11523196,-0.065
11527116,-0.04
11531036,-0.015
11534948,0.01
11538864,0.04
11542780,0.06
11546684,0.075
11550592,0.105
11554512,0.135
11558440,0.17
11562352,0.205
11566272,0.235
11570188,0.265
11574104,0.275
11578016,0.285
11581920,0.3
11585840,0.32
11589736,0.36
11593640,0.385
11597556,0.385
11601468,0.37
11605396,0.34
11609308,0.31
11613228,0.285
11617148,0.245
11621072,0.19
11624980,0.135
11628900,0.085
11632828,0.035
11636732,-0.005
11640644,-0.04
11644572,-0.07
11648476,-0.1
11652404,-0.135
11656324,-0.155
11660244,-0.17
11664156,-0.185
11668084,-0.2
11672008,-0.205
11675924,-0.205
11679836,-0.21
11683756,-0.22
11687676,-0.225
11691596,-0.225
11695504,-0.225
11699412,-0.23
11703324,-0.235
11707248,-0.23
11711176,-0.225
11715100,-0.225
11719032,-0.23
11722948,-0.23
11726868,-0.225
11730792,-0.225
11734692,-0.23
11738616,-0.23
11742516,-0.215
11746440,-0.205
11750340,-0.215
11754264,-0.225
11758184,-0.225
11762104,-0.215
11766024,-0.2
11769936,-0.195
11773848,-0.195
11777768,-0.19
11781676,-0.185
11785596,-0.185
11789520,-0.2
11793444,-0.2
11797348,-0.195
11801272,-0.185
11805188,-0.175
11809108,-0.175
11813028,-0.175
11816932,-0.185
11820860,-0.2
11824772,-0.195
11828684,-0.185
11832604,-0.19
11836520,-0.2
11840420,-0.195
11844340,-0.185
11848272,-0.185
11852172,-0.19
11856084,-0.19
11860004,-0.185
11863900,-0.19
11867816,-0.205
11871736,-0.195
11875652,-0.195
11879572,-0.195
11883476,-0.195
11887396,-0.195
11891316,-0.195
11895244,-0.21
11899164,-0.22
11903080,-0.2
11906996,-0.185
11910916,-0.195
11914836,-0.205
11918756,-0.205
11922652,-0.2
11926568,-0.19
11930484,-0.185
11934412,-0.19
11938340,-0.195
11942252,-0.195
11946172,-0.195
11950092,-0.195
11954004,-0.195
11957924,-0.195
11961844,-0.195
11965772,-0.195
11969676,-0.195
11973588,-0.195
11977500,-0.195
11981432,-0.195
11985348,-0.19
11989268,-0.185
11993180,-0.185
11997096,-0.19
12001016,-0.195
12004928,-0.195
12008848,-0.19
12012768,-0.185
12016684,-0.185
12020600,-0.185
12024512,-0.18
12028432,-0.175
12032352,-0.165
12036272,-0.165
12040188,-0.17
12044092,-0.175
12047996,-0.18
12051900,-0.18
12055812,-0.175
12059724,-0.175
12063628,-0.175
12067540,-0.17
12071460,-0.16
12075372,-0.155
12079292,-0.16
12083196,-0.155
12087124,-0.135
12091044,-0.115
12094964,-0.09
12098876,-0.065
12102796,-0.05
12106700,-0.05
12110612,-0.065
12114524,-0.055
12118444,-0.02
12122364,0.01
12126276,0.04
12130196,0.06
12134116,0.075
12138044,0.05
12141964,0
12145884,-0.025
12149804,-0.04
12153716,-0.06
12157636,-0.085
12161548,-0.085
12165444,-0.075
12169376,-0.1
12173280,-0.14
12177180,-0.165
12181092,-0.19
12185016,-0.195
12188940,-0.2
12192864,-0.205
12196780,-0.2
12200684,-0.19
12204604,-0.185
12208516,-0.185
12212444,-0.18
12216368,-0.175
12220284,-0.175
12224204,-0.19
12228132,-0.19
12232056,-0.13
12235968,-0.045
12239884,0.11
12243804,0.355
12247708,0.805
12251628,1.255
12255548,1.71
12259476,1.99
12263400,2.01
12267312,1.895
12271232,1.61
12275152,1.215
12279080,0.71
12282988,0.31
12286904,0.01
12290824,-0.155
12294736,-0.225
12298636,-0.215
12302548,-0.16
12306468,-0.155
12310380,-0.175
12314300,-0.2
12318212,-0.225
12322132,-0.235
12326060,-0.24
12329980,-0.245
12333900,-0.25
12337820,-0.255
12341736,-0.26
12345628,-0.26
12349524,-0.255
12353436,-0.255
12357356,-0.255
12361268,-0.245
12365200,-0.245
12369100,-0.245
12373028,-0.24
12376952,-0.23
12380852,-0.22
12384768,-0.215
12388680,-0.21
12392588,-0.2
12396500,-0.19
12400432,-0.175
12404360,-0.155
12408272,-0.135
12412200,-0.12
12416112,-0.115
12420032,-0.105
12423944,-0.085
12427864,-0.065
12431776,-0.045
12435688,-0.025
12439608,0
12443516,0.02
12447440,0.05
12451360,0.075
12455276,0.105
12459192,0.135
12463116,0.17
12467032,0.195
12470952,0.215
12474864,0.24
12478792,0.265
12482712,0.29
12486624,0.315
12490536,0.335
12494456,0.35
12498364,0.34
12502284,0.325
12506200,0.32
12510112,0.315
12514032,0.295
12517952,0.275
12521880,0.21
12525796,0.15
12529712,0.11
12533624,0.07
12537536,0.025
12541448,-0.015
12545360,-0.045
12549292,-0.075
12552196,-0.105
12557116,-0.125
12561048,-0.14
12564960,-0.16
12568876,-0.19
12572796,-0.21
12576712,-0.205
12580624,-0.205
12584532,-0.215
12588460,-0.225
12592388,-0.23
12596296,-0.235
12600208,-0.235
12604124,-0.225
12608036,-0.215
12611952,-0.215
12615868,-0.215
12619796,-0.215
12623700,-0.215
12627612,-0.215
12631516,-0.22
12635436,-0.225
12639360,-0.225
12643264,-0.215
12647180,-0.205
12651100,-0.205
12655020,-0.21
12658948,-0.21
12662872,-0.205
12666788,-0.205
12670700,-0.205
12674624,-0.2
12678532,-0.195
12682452,-0.195
12686364,-0.19
12690268,-0.18
12694188,-0.175
12698112,-0.185
12702036,-0.19
12705960,-0.185
12709872,-0.185
12713784,-0.185
12717704,-0.18
12721620,-0.17
12725532,-0.165
12729448,-0.17
12733356,-0.175
12737280,-0.18
12741200,-0.185
12745120,-0.185
12749040,-0.18
12752952,-0.175
12756872,-0.175
12760792,-0.175
12764704,-0.175
12768624,-0.18
12772544,-0.185
12776456,-0.19
12780364,-0.19
12784284,-0.185
12788196,-0.185
12792116,-0.185
12796036,-0.18
12799940,-0.175
12803868,-0.175
12807788,-0.18
12811700,-0.185
12815620,-0.185
12819532,-0.175
12823444,-0.165
12827364,-0.17
12831276,-0.18
12835196,-0.18
12839116,-0.175
12843036,-0.175
12846948,-0.175
12850868,-0.175
12854788,-0.175
12858700,-0.18
12862624,-0.18
12866532,-0.175
12870452,-0.17
12874372,-0.165
12878284,-0.16
12882196,-0.155
12886116,-0.155
12890032,-0.17
12893960,-0.18
12897888,-0.165
12901800,-0.155
12905696,-0.155
12909612,-0.155
12913524,-0.165
12917428,-0.17
12921356,-0.16
12925276,-0.155
12929188,-0.155
12933100,-0.155
12937012,-0.155
12940940,-0.155
12944860,-0.155
12948780,-0.155
12952692,-0.155
12956604,-0.15
12960508,-0.145
12964428,-0.145
12968348,-0.145
12972268,-0.125
12976188,-0.1
12980112,-0.07
12984036,-0.045
12987956,-0.045
12991880,-0.045
12995804,-0.04
12999724,-0.035
13003628,0
13007544,0.03
13011472,0.085
13015396,0.13
13019316,0.1
13023228,0.07
13027152,0.035
13031072,0
13034972,-0.005
13038892,-0.015
13042812,-0.03
13046724,-0.045
13050628,-0.055
13054540,-0.07
13058460,-0.1
13062388,-0.13
13066300,-0.15
13070220,-0.165
13074132,-0.175
13078044,-0.18
13081964,-0.17
13085884,-0.16
13089812,-0.155
13093716,-0.155
13097636,-0.16
13101548,-0.155
13105476,-0.145
13109408,-0.145
13113320,-0.145
13117236,-0.115
13121148,-0.065
13125080,0.055
13129000,0.22
13132892,0.58
13136804,1.01
13140708,1.46
13144632,1.915
13148548,2.045
13152472,2.105
13156380,1.935
13160304,1.73
13164224,1.24
13168140,0.73
13172064,0.3
13175980,-0.115
13179908,-0.17
13183832,-0.22
13187744,-0.19
13191656,-0.16
13195560,-0.155
13199468,-0.155
13203384,-0.19
13207292,-0.215
13211212,-0.215
13215136,-0.215
13219048,-0.22
13222960,-0.225
13226880,-0.225
13230792,-0.225
13234704,-0.225
13238628,-0.22
13242552,-0.215
13246452,-0.215
13250376,-0.215
13254288,-0.21
13258196,-0.205
13262108,-0.2
13266020,-0.195
13269932,-0.185
13273860,-0.175
13277772,-0.165
13281676,-0.155
13285604,-0.145
13289520,-0.135
13293436,-0.125
13297348,-0.115
13301280,-0.105
13305184,-0.095
13309100,-0.07
13313020,-0.045
13316940,-0.03
13320864,-0.015
13324776,0.005
13328684,0.03
13332596,0.05
13336500,0.075
13340428,0.105
13344348,0.135
13348268,0.155
13352180,0.175
13356104,0.205
13360020,0.235
13363944,0.25
13367852,0.265
13371756,0.295
13375668,0.315
13379564,0.33
13383484,0.34
13387416,0.335
13391332,0.325
13395256,0.31
13399184,0.29
13403084,0.26
13407004,0.22
13410924,0.16
13414844,0.115
13418756,0.07
13422656,0.035
13426560,0
13430472,-0.035
13434380,-0.075
13438300,-0.1
13442232,-0.11
13446136,-0.135
13450056,-0.165
13453980,-0.175
13457900,-0.18
13461820,-0.185
13465732,-0.19
13469648,-0.195
13473552,-0.195
13477472,-0.195
13481392,-0.2
13485312,-0.2
13489220,-0.195
13493136,-0.2
13497056,-0.21
13500972,-0.22
13504892,-0.22
13508796,-0.2
13512692,-0.185
13516604,-0.185
13520516,-0.185
13524428,-0.185
13528340,-0.185
13532244,-0.19
13536156,-0.19
13540068,-0.18
13543980,-0.17
13547884,-0.165
13551812,-0.165
13555732,-0.165
13559644,-0.165
13563556,-0.17
13567484,-0.175
13571396,-0.175
13575316,-0.17
13579228,-0.16
13583148,-0.155
13587060,-0.16
13590988,-0.165
13594916,-0.165
13598820,-0.165
13602724,-0.165
13606636,-0.165
13610544,-0.165
13614472,-0.165
13618400,-0.165
13622320,-0.165
13626236,-0.165
13630156,-0.16
13634076,-0.155
13637996,-0.16
13641916,-0.17
13645844,-0.175
13649756,-0.175
13653656,-0.175
13657568,-0.175
13661480,-0.17
13665392,-0.165
13669304,-0.17
13673216,-0.175
13677128,-0.175
13681044,-0.175
13684956,-0.175
13688868,-0.175
13692788,-0.175
13696700,-0.175
13700628,-0.175
13704544,-0.175
13708464,-0.18
13712368,-0.18
13716280,-0.17
13720208,-0.165
13724132,-0.17
13728052,-0.17
13731972,-0.165
13735884,-0.165
13739812,-0.165
13743732,-0.165
13747648,-0.17
13751568,-0.17
13755484,-0.165
13759408,-0.16
13763328,-0.155
13767256,-0.155
13771164,-0.16
13775084,-0.17
13779004,-0.18
13782928,-0.17
13786836,-0.155
13790756,-0.155
13794668,-0.155
13798580,-0.155
13801476,-0.16
13806416,-0.165
13810336,-0.165
13814256,-0.165
13818176,-0.165
13822104,-0.16
13826024,-0.155
13829952,-0.155
13833868,-0.155
13837792,-0.155
13841708,-0.15
13845620,-0.14
13849536,-0.135
13853452,-0.14
13857368,-0.135
13861280,-0.105
13865196,-0.08
13869112,-0.07
13873008,-0.055
13876928,-0.03
13880848,-0.015
13884764,-0.025
13888676,-0.025
13892580,-0.01
13896500,0.015
13900432,0.065
13904348,0.095
13908260,0.095
13912188,0.07
13916108,0.03
13920032,0
13923944,-0.025
13927864,-0.04
13931784,-0.05
13935692,-0.06
13939600,-0.07
13943516,-0.085
13947440,-0.1
13951360,-0.125
13955272,-0.155
13959180,-0.17
13963100,-0.18
13967028,-0.18
13970948,-0.175
13974864,-0.165
13978764,-0.155
13982668,-0.155
13986584,-0.155
13990492,-0.145
13994408,-0.145
13998328,-0.155
14002236,-0.16
14006152,-0.12
14010072,-0.065
14013992,0.055
14017916,0.24
14021840,0.695
14025748,1.15
14029652,1.61
14033568,1.965
14037488,2.045
14041392,2.03
14045320,1.805
14049228,1.48
14053156,0.98
14057080,0.54
14061004,0.185
14064920,-0.055
14068828,-0.165
14072740,-0.19
14076652,-0.125
14080556,-0.11
14084480,-0.15
14088404,-0.175
14092320,-0.195
14096224,-0.205
14100148,-0.205
14104068,-0.21
14107988,-0.22
14111916,-0.225
14115812,-0.23
14119728,-0.23
14123652,-0.225
14127564,-0.22
14131488,-0.215
14135404,-0.215
14139328,-0.215
14143244,-0.21
14147168,-0.205
14151088,-0.205
14154992,-0.2
14158900,-0.185
14162812,-0.17
14166724,-0.16
14170652,-0.15
14174572,-0.135
14178500,-0.125
14182420,-0.125
14186332,-0.115
14190256,-0.09
14194168,-0.07
14198088,-0.055
14202012,-0.035
14205928,-0.015
14209840,0
14213740,0.02
14217660,0.045
14221576,0.075
14225488,0.105
14229400,0.135
14233328,0.165
14237248,0.19
14241164,0.22
14245076,0.25
14248992,0.27
14252900,0.285
14256820,0.31
14260732,0.335
14264660,0.355
14268580,0.37
14272492,0.375
14276412,0.375
14280340,0.36
14284268,0.345
14288196,0.315
14292116,0.28
14296028,0.22
14299948,0.16
14303876,0.125
14307804,0.095
14311708,0.045
14315620,-0.005
14319532,-0.035
14323444,-0.065
14327360,-0.095
14331284,-0.125
14335208,-0.145
14339120,-0.165
14343028,-0.18
14346948,-0.195
14350880,-0.195
14354804,-0.195
14358716,-0.21
14362644,-0.225
14366556,-0.225
14370480,-0.225
14374396,-0.225
14378328,-0.225
14382256,-0.225
14386168,-0.225
14390088,-0.225
14394008,-0.225
14397932,-0.225
14401852,-0.22
14405772,-0.215
14409684,-0.215
14413604,-0.215
14417524,-0.215
14421444,-0.215
14425368,-0.215
14429280,-0.22
14433200,-0.225
14437124,-0.225
14441052,-0.22
14444980,-0.215
14448896,-0.21
14452816,-0.205
14456724,-0.2
14460652,-0.195
14464564,-0.19
14468488,-0.185
14472400,-0.185
14476308,-0.19
14480224,-0.195
14484148,-0.19
14488064,-0.18
14491992,-0.175
14495920,-0.175
14499832,-0.175
14503752,-0.18
14507668,-0.185
14511572,-0.19
14515496,-0.19
14519408,-0.185
14523320,-0.185
14527232,-0.19
14531152,-0.19
14535072,-0.185
14539000,-0.19
14542924,-0.205
14546840,-0.21
14550752,-0.205
14554672,-0.205
14558588,-0.205
14562512,-0.195
14566428,-0.185
14570336,-0.185
14574252,-0.185
14578176,-0.185
14582092,-0.19
14586020,-0.2
14589940,-0.21
14593864,-0.21
14597780,-0.205
14601692,-0.205
14605612,-0.205
14609524,-0.2
14613428,-0.195
14617340,-0.195
14621260,-0.195
14625192,-0.195
14629112,-0.195
14633024,-0.195
14636936,-0.2
14640848,-0.2
14644760,-0.195
14648668,-0.2
14652580,-0.2
14656496,-0.195
14660416,-0.195
14664344,-0.195
14668268,-0.195
14672184,-0.2
14676104,-0.205
14680016,-0.205
14683944,-0.2
14687868,-0.195
14691788,-0.19
14695704,-0.185
14699604,-0.18
14703516,-0.175
14707440,-0.175
14711364,-0.175
14715288,-0.175
14719208,-0.18
14723120,-0.18
14727020,-0.175
14730944,-0.17
14734864,-0.165
14738784,-0.155
14742692,-0.14
14746608,-0.115
14750512,-0.085
14754412,-0.07
14758328,-0.065
14762244,-0.065
14766148,-0.07
14770052,-0.05
14773964,-0.02
14777876,0.025
14781804,0.075
14785728,0.07
14789620,0.055
14793532,0.015
14797448,-0.02
14801364,-0.035
14805292,-0.055
14809208,-0.07
14813112,-0.085
14817028,-0.105
14820956,-0.125
14824888,-0.14
14828804,-0.155
14832712,-0.17
14836620,-0.185
14840540,-0.2
14844464,-0.215
14848388,-0.22
14852312,-0.22
14856220,-0.205
14860132,-0.195
14864052,-0.195
14867972,-0.19
14871896,-0.18
14875820,-0.175
14879732,-0.18
14883660,-0.16
14887580,-0.115
14891512,0.015
14895440,0.235
14899368,0.59
14903268,1.045
14907192,1.465
14911104,1.855
14915024,2.005
14918936,2.025
14922848,1.865
14926752,1.625
14930676,1.18
14934592,0.675
14938512,0.265
14942432,-0.115
14946356,-0.22
14950264,-0.275
14954180,-0.23
14958100,-0.175
14962012,-0.18
14965932,-0.19
14969844,-0.22
14973748,-0.245
14977676,-0.255
14981580,-0.265
14985508,-0.275
14989436,-0.28
14993356,-0.275
14997284,-0.27
15001204,-0.265
15005124,-0.265
15009044,-0.265
15012956,-0.26
15016876,-0.255
15020804,-0.255
15024724,-0.255
15028644,-0.25
15032556,-0.24
15036476,-0.23
15040388,-0.22
15044304,-0.21
15048224,-0.205
15052152,-0.195
15056068,-0.18
15059996,-0.165
15063908,-0.15
15067828,-0.135
15071740,-0.12
15075668,-0.105
15079588,-0.095
15083500,-0.075
15087424,-0.05
15091344,-0.025
15095264,-0.005
15099180,0.015
15103112,0.04
15107032,0.065
15110952,0.09
15114872,0.125
15118780,0.16
15122692,0.185
15126604,0.21
15130508,0.235
15134428,0.265
15138348,0.28
15142276,0.295
15146196,0.3
15150116,0.305
15154028,0.31
15157952,0.31
15161872,0.295
15165800,0.275
15169720,0.245
15173628,0.205
15177556,0.145
15181484,0.09
15185404,0.05
15189316,0.01
15193228,-0.02
15197140,-0.055
15201060,-0.09
15204984,-0.13
15208904,-0.165
15212820,-0.185
15216736,-0.19
15220652,-0.2
15224568,-0.215
15228476,-0.23
15232408,-0.24
15236320,-0.25
15240228,-0.26
15244144,-0.27
15248060,-0.28
15251980,-0.27
15255908,-0.255
15259836,-0.255
15263756,-0.255
15267668,-0.255
15271592,-0.26
15275508,-0.26
15279440,-0.255
15283376,-0.255
15287288,-0.255
15291208,-0.255
15295128,-0.265
15299052,-0.25
15302976,-0.245
15306888,-0.25
15310784,-0.25
15314696,-0.245
15318604,-0.24
15322524,-0.235
15326444,-0.23
